{"cameraMode":{"drawMode":0,"name":"Shaded","section":"Shading Mode"},"sceneLighting":false,"audioPlay":false,"sceneViewState":{"showFog":true,"showMaterialUpdate":false,"showSkybox":true,"showFlares":true,"showImageEffects":true,"showParticleSystems":true},"in2DMode":false,"pivot":{"x":6.000232696533203,"y":0.3922351002693176,"z":22.30563735961914},"rotation":{"x":-0.13546432554721833,"y":-0.11472634971141815,"z":0.015927549451589586,"w":-0.9840949773788452},"size":17.101924896240236,"orthographic":false}